Title,Home - BharatPe
Paragraph 1,"



Introducing BharatPe UPI
Now scan and pay easily onany QR with  BharatPe UPI

Download BharatPe app now 

BharatPe for Business
BharatPe UPI
Invest BharatPe






Introducing BharatPe One 
India's first All-in-One payment device

Know More






India’s preferred POS partner
Settle card payments instantly

Know more






Hai Yakeen BharatPe
We believe in the dreams, resilience and passion of millions of merchants across Bharat





Power up the voice of your business
Real time voice alerts for payments received

View More







"
Paragraph 2,India's first All-in-One payment device
Paragraph 3,Settle card payments instantly
Paragraph 4,"We believe in the dreams, resilience and passion of millions of merchants across Bharat"
Paragraph 5,Real time voice alerts for payments received
Paragraph 6,TPV in Payments
Paragraph 7,Merchant Partners
Paragraph 8,Presence across India
Paragraph 9,Business Loan Facilitated
Paragraph 10,We unlock the true potential of your business
Paragraph 11,"From making sure you are always stocked to opening another outlet around the block, we help your business scale greater heights through our range of business loans"
Paragraph 12,"We make payment acceptance fast , secure and more convenient through our range of payment products"
Paragraph 13,"We understand the needs of businesses across sectors. Whether you run a grocery store in a city or a pharmacy in a town, trust us to make it big"
Paragraph 14,"Secure payments, anytime & anywhere!"
Paragraph 15,"Simplify your payments & enjoy smooth transactions with BharatPe UPI Scan and Pay. Also pay utility and credit card bills, get gift vouchers, avail loans, and more"
Paragraph 16,"Accept payments anytime, anywhere from multiple payment apps for free"
Paragraph 17,India's first All-in-One payment device
Paragraph 18,Accept fast payments from multiple debit and credit cards
Paragraph 19,Real-time voice alerts for payments received
Paragraph 20,Collateral-free loans to fast forward your business growth
Paragraph 21,Invest with RBI-approved partners & earn more
Paragraph 22,
Paragraph 23,"Now, scan and pay easily on any QR with BharatPe UPI"
Paragraph 24,Instant credit card bills payments made easy
Paragraph 25,"Manage and pay all your bills in one place, instantly"
Paragraph 26,"Enjoy food delivery at your doorstep, with discounts"
Paragraph 27,Get discounts on your favourite brands
Paragraph 28,Get an instant loan of upto ₹15 lacs
Paragraph 29,Save big with India’s largest loyalty program
Paragraph 30,Earn industry leading returns at zero charges
Paragraph 31,
Paragraph 32,"Nashik, Maharashtra"
Paragraph 33,"Bhopal, Madhya Pradesh"
Paragraph 34,"Gurugram, Haryana"
Paragraph 35,"BharatPe, India’s leading financial services and UPI payments platform, today announced that Resilient Payments Private Limited, a BharatPe Group company, has received final authorisation from the Reserve Bank of India (RBI) to operate as an Online Payment Aggregator."
Paragraph 36,"BharatPe App, India’s rapidly growing UPI payment service, has announced the launch of ‘Maha Kumbh Shield’, which protects UPI payments of pilgrims visiting Prayagraj."
Paragraph 37,The BharatPe app now offers a seamless and user-friendly way for consumers to make digital payments with ease.
Paragraph 38," About Us
Careers
Press
Contact Us

"
Paragraph 39,
Paragraph 40,
Paragraph 41,"BharatPe QR
BharatPe One
BharatPe Swipe
BharatPe Speaker
"
Paragraph 42,"BharatPe UPI
Co-branded Credit Card
BharatPe Bill Payments
BharatPe Commerce
Personal Loan
"
