Title,"Paytm: Secure & Fast UPI Payments, Recharge Mobile & Pay Bills"
Paragraph 1,"
  Paytm - India’s largest digital payment app makes it secure and seamless to
  pay using UPI, make bill payments, recharge mobiles, DTH, data card & Metro
  Card etc anywhere in India.
"
Paragraph 2,"
  Experience the epitome of convenience with Paytm's flawless UPI integration.
  Whether you're sending money to a friend, shopkeeper, or family, or making a
  purchase online, our user-friendly interface ensures a hassle-free experience.
  Enjoy swift and secure transactions with just a few taps, as we've streamlined
  the process to fit seamlessly into your busy lifestyle.
"
Paragraph 3,"
  Stay in the loop with instant notifications on your transactions. Receive
  alerts for every payment, ensuring you're always in control of your finances.
  Our commitment to transparency empowers you with real-time updates, giving you
  the confidence that each transaction is executed with precision.
"
Paragraph 4,"
  Your one-stop solution for effortlessly managing and paying all your bills
  online. We understand the complexities of modern life, and our mission is to
  simplify the way you handle your financial responsibilities. With our
  user-friendly platform, you can easily pay your electricity, landline, water,
  phone bills, and more in just a few clicks. No more juggling multiple accounts
  or standing in long queues—Paytm consolidates all your bill payments into a
  convenient digital hub. Embrace convenience with Paytm and enjoy the ease of
  managing your bills in the digital age.
"
Paragraph 5,"
  Effortlessly make mobile bill payments through our safe methods, processed
  through secured gateways for
  Airtel Recharge,
  Jio Recharge,
  Vodafone Idea Recharge,
  MTNL Recharge,
  BSNL Recharge
  and more. You can also pay landline bills of Airtel, BSNL, Hathway, Asianet
  Broadband, Alliance Broadband, Tata Play Fibre.
"
Paragraph 6,"
  Recharge your DTH online with ease. From
  Tata Play recharge,
  Airtel DTH recharge, Videocon D2H recharge,
  Sun Direct recharge,
  to Dish TV recharge and
  more just on Paytm.
"
Paragraph 7,"
  Got a data card to recharge? We've got your back there too. Get your
  Airtel Data Card Recharge,
  Vodafone Idea Data Card Recharge,
  Jio Data Card Recharge,
  BSNL Data Card Recharge
  and
  MTNL Data Card Recharge
  now on Paytm.
"
Paragraph 8,"
Make electricity bill payment? Pay your
  electricity bills online
  on Paytm and avoid waiting in queues for hours. Whether you want to make
  Goa Electricity Bill Payment,
  Bihar Electricity Bill Payment,
  Haryana Electricity Bill Payment,
  Maharashtra Electricity Bill Payment,
  Punjab Electricity Bill Payment, or
  Telangana Electricity Bill Payment, we've got you covered.
"
Paragraph 9,"
Make Gas, Water And Municipal Bill Payment? Pay your gas,
  water and
  municipal bills within
  seconds for
  Delhi Jal Board, Indore Municipal Corporation, Gwalior Municipal Corporation,
  Bhopal Municipal Corporation,
  Bangalore Water Supply and Sewage Board, Surat Municipal Corporation, Pune Municipal Corporation,
  Nagpur Municipal Corporation,
  Uttrakhand Jal Sansthan,
  Indraprastha Gas Limited,
  Gujarat Gas Limited, Adani Gas Limited,
  Aavantika Gas Limited,
  Vadodara Gas Limited,
  Maharashtra Natural Gas Ltd
  and more.
"
Paragraph 10,"
  Save money and time by booking your travel tickets on Paytm. You can find
  cheap flight tickets, train
  tickets, and bus tickets on Paytm. Compare the prices, get schedules, pick the
  best-suited seat, and experience easy ticket booking services online. You can
  also save money on your travel by applying promo codes on flights, buses &
  trains to get cashback in your Paytm UPI on your travel tickets.
"
Paragraph 11,"
Flight Tickets- Just enter your boarding and destination city
  to know all the flight ticket prices for both
  domestic flights
  and
  international flights.
"
Paragraph 12,"
Train Ticket Booking-
  Check PNR status,
  find train schedule, and
  get train seat availability
  for your online
  train ticket bookings. Just
  enter your boarding and destination station or city to know all the train
  ticket prices. Make instant train reservations through Paytm and save money
  with cashback.
"
Paragraph 13,"
  Bus Tickets- Make fast online
  bus ticket booking for both AC
  and non-AC buses, private and government buses on Paytm. Find all the buses
  and timings along with
  bus ticket offers for your bus
  tickets.
"
Paragraph 14,"
  Relive the moment and revive your daily routine with an amazing experience at
  an incredible amusement park. Find movie showtimes, and movie theaters to book
  your movie tickets online and get movie
  ticket offers.
"
Paragraph 15,"
  Enjoy the hottest buzz in the town, and do not miss out on the latest shows
  and events of your favorite artists, be it a music concert or booking a ticket
  to your favorite standup comedy show, you can do it all without hassle on
  Paytm. Our entertainment section enables you to book tickets online for Movies
  and Events in a matter of a few clicks and escape from your busy schedule.
"
Paragraph 16,"Please do not share your Paytm password, Credit/Debit card pin, other confidential information with anyone even if he/she claims to be from Paytm. We advise our customers to completely ignore such communications & report to us at [email protected]"
Paragraph 17,Cashback is 'Paytm loyalty cashback' given by 'Pay with Paytm' payment platform. It can be used to pay for goods & services sold by merchants that accept 'Pay with Paytm'
