Title,"PhonePe: UPI Payments, Investment, Insurance, Recharges, DTH & More"
Paragraph 1,Find out how money moves in a country of 140 Crore! Now updated with the latest data for Q1 2024 (Jan-Mar)
Paragraph 2,1.95%
Paragraph 3,Accept payments for your  online business at zero cost
Paragraph 4,Sign up for PhonePe Payment Gateway
Paragraph 5,Scan and load your PhonePe Wallet
Paragraph 6,Pay anyone or any QRwith your credit card
Paragraph 7,Load your PhonePe Wallet now
Paragraph 8,Discover a New Era of Investing!
Paragraph 9,Any Payment Method
Paragraph 10,Find out how money moves in a country of 140 Crore! Now updated with the latest data for Q1 2024 (Jan-Mar)
Paragraph 11,1.95%
Paragraph 12,Accept payments for your  online business at zero cost
Paragraph 13,Sign up for PhonePe Payment Gateway
Paragraph 14,Scan and load your PhonePe Wallet
Paragraph 15,Pay anyone or any QRwith your credit card
Paragraph 16,Load your PhonePe Wallet now
Paragraph 17,Discover a New Era of Investing!
Paragraph 18,Any Payment Method
Paragraph 19,Find out how money moves in a country of 140 Crore! Now updated with the latest data for Q1 2024 (Jan-Mar)
Paragraph 20,"Pay bills, recharge, send money, buy gold, invest and shop at your favourite stores."
Paragraph 21,"Choose from options like UPI, the PhonePe wallet or your Debit and Credit Card."
Paragraph 22,"Book flights, hotels, cabs, metro tickets and recharge FASTag, or get roadside assistanceâall in one place."
Paragraph 23,PhonePe protects your money with the best-in-class security systems that help minimize frauds. 
Paragraph 24,Find the digital payment solution that fits your business needs
Paragraph 25,Help your business go cashless
Paragraph 26,Process online payments seamlessly
Paragraph 27,Advertise & let customers know about you
Paragraph 28,Get the latest data trends and insights on PhonePe Pulse!
